Selling Report nov2024,,,,,Total,XOF 95,500.00
â„–,Date,Time,Username,Profile,Comment,Price
1,nov/01/2024,01:04:24,PGXBD,24HEURES,vc-907-10.23.24-CL,100
2,nov/01/2024,09:11:29,SZWS,24HEURES,vc-213-10.27.24-OLI,100
3,nov/01/2024,09:18:30,FJR9,24HEURES,vc-213-10.27.24-OLI,100
4,nov/01/2024,09:29:15,DX7V,24HEURES,vc-213-10.27.24-OLI,100
5,nov/01/2024,11:33:18,89FH,24HEURES,vc-481-10.21.24-BAT,100
6,nov/01/2024,12:45:45,GG86,24HEURES,vc-213-10.27.24-OLI,100
7,nov/01/2024,12:50:26,BBTL,24HEURES,vc-481-10.21.24-BAT,100
8,nov/01/2024,13:39:39,9G55,24HEURES,vc-213-10.27.24-OLI,100
9,nov/01/2024,14:11:25,A1M532,1MOIS,vc-309-07.21.24-,3000
10,nov/01/2024,14:43:50,TZAVC,24HEURES,vc-112-10.09.24-BABINE,100
11,nov/01/2024,14:52:15,XSR2,24HEURES,vc-213-10.27.24-OLI,100
12,nov/01/2024,15:01:51,RT77,24HEURES,vc-213-10.27.24-OLI,100
13,nov/01/2024,15:19:50,5ZXE,24HEURES,vc-213-10.27.24-OLI,100
14,nov/01/2024,15:22:14,3Y79,24HEURES,vc-213-10.27.24-OLI,100
15,nov/01/2024,15:48:43,X4LV,24HEURES,vc-213-10.27.24-OLI,100
16,nov/01/2024,17:10:36,HTKRA,24HEURES,vc-907-10.23.24-CL,100
17,nov/01/2024,17:25:59,FJW92,24HEURES,vc-457-10.06.24-BAT,100
18,nov/01/2024,17:32:39,RW9N,24HEURES,vc-481-10.21.24-BAT,100
19,nov/01/2024,17:40:49,ETA98,24HEURES,vc-457-10.06.24-BAT,100
20,nov/01/2024,17:45:33,WSJS8,24HEURES,vc-907-10.23.24-CL,100
21,nov/01/2024,18:06:56,KAHSW,24HEURES,vc-907-10.23.24-CL,100
22,nov/01/2024,18:07:08,2MXJM,24HEURES,vc-907-10.23.24-CL,100
23,nov/01/2024,18:12:26,8KG5,24HEURES,vc-213-10.27.24-OLI,100
24,nov/01/2024,20:01:15,XPZVK,24HEURES,vc-907-10.23.24-CL,100
25,nov/01/2024,20:18:47,MXUD,24HEURES,vc-213-10.27.24-OLI,100
26,nov/01/2024,20:41:01,ABA28,24HEURES,vc-457-10.06.24-BAT,100
27,nov/01/2024,21:05:26,EZJC,24HEURES,vc-213-10.27.24-OLI,100
28,nov/01/2024,21:15:46,5T4B,24HEURES,vc-213-10.27.24-OLI,100
29,nov/01/2024,21:19:08,X3JT,24HEURES,vc-213-10.27.24-OLI,100
30,nov/01/2024,21:34:05,A78J,24HEURES,vc-213-10.27.24-OLI,100
31,nov/01/2024,22:01:35,FST4,24HEURES,vc-213-10.27.24-OLI,100
32,nov/01/2024,22:04:40,HXR32,24HEURES,vc-457-10.06.24-BAT,100
33,nov/01/2024,22:50:34,VNTC,24HEURES,vc-213-10.27.24-OLI,100
34,nov/01/2024,23:36:20,ZFG99,24HEURES,vc-457-10.06.24-BAT,100
35,nov/02/2024,08:52:31,8UVR,24HEURES,vc-213-10.27.24-OLI,100
36,nov/02/2024,09:53:01,WAVH,24HEURES,vc-481-10.21.24-BAT,100
37,nov/02/2024,13:21:48,7F2J,24HEURES,vc-213-10.27.24-OLI,100
38,nov/02/2024,13:39:37,9D2A,24HEURES,vc-213-10.27.24-OLI,100
39,nov/02/2024,13:47:28,RWRN,24HEURES,vc-213-10.27.24-OLI,100
40,nov/02/2024,14:17:14,DJB68,24HEURES,vc-457-10.06.24-BAT,100
41,nov/02/2024,16:09:48,79XF,24HEURES,vc-213-10.27.24-OLI,100
42,nov/02/2024,16:55:27,VVNNG,24HEURES,vc-112-10.09.24-BABINE,100
43,nov/02/2024,17:14:28,3RBP,24HEURES,vc-213-10.27.24-OLI,100
44,nov/02/2024,18:18:58,GFF7,24HEURES,vc-213-10.27.24-OLI,100
45,nov/02/2024,18:19:35,85GU,24HEURES,vc-213-10.27.24-OLI,100
46,nov/02/2024,18:19:35,HEX89,24HEURES,vc-457-10.06.24-BAT,100
47,nov/02/2024,18:26:16,U736,24HEURES,vc-213-10.27.24-OLI,100
48,nov/02/2024,18:30:05,9HAP,24HEURES,vc-213-10.27.24-OLI,100
49,nov/02/2024,19:10:40,J82A,24HEURES,vc-213-10.27.24-OLI,100
50,nov/02/2024,19:32:48,5PSP3,24HEURES,vc-907-10.23.24-CL,100
51,nov/02/2024,19:34:34,DP9K7,24HEURES,vc-907-10.23.24-CL,100
52,nov/02/2024,19:41:12,YXE43,24HEURES,vc-457-10.06.24-BAT,100
53,nov/02/2024,19:42:35,2DXE,24HEURES,vc-213-10.27.24-OLI,100
54,nov/02/2024,19:48:33,DS9C,24HEURES,vc-213-10.27.24-OLI,100
55,nov/02/2024,20:43:14,VHL87,24HEURES,vc-457-10.06.24-BAT,100
56,nov/02/2024,21:13:35,GLZN,24HEURES,vc-213-10.27.24-OLI,100
57,nov/02/2024,21:25:02,TYMX,24HEURES,vc-213-10.27.24-OLI,100
58,nov/02/2024,21:27:02,FSM8,24HEURES,vc-213-10.27.24-OLI,100
59,nov/02/2024,21:28:11,A3DM,24HEURES,vc-213-10.27.24-OLI,100
60,nov/02/2024,21:35:00,U85VW,24HEURES,vc-112-10.09.24-BABINE,100
61,nov/02/2024,22:39:51,D7MK,24HEURES,vc-213-10.27.24-OLI,100
62,nov/02/2024,22:54:55,NGWTV,24HEURES,vc-907-10.23.24-CL,100
63,nov/03/2024,00:14:33,A1M938,1MOIS,vc-309-07.21.24-,3000
64,nov/03/2024,10:17:54,JE6S,24HEURES,vc-213-10.27.24-OLI,100
65,nov/03/2024,10:59:54,EUBHL,24HEURES,vc-112-10.09.24-BABINE,100
66,nov/03/2024,11:18:35,FM3Y,24HEURES,vc-213-10.27.24-OLI,100
67,nov/03/2024,12:21:12,9Y6R,24HEURES,vc-213-10.27.24-OLI,100
68,nov/03/2024,12:35:48,RPR98,24HEURES,vc-457-10.06.24-BAT,100
69,nov/03/2024,13:00:51,XMX84,24HEURES,vc-457-10.06.24-BAT,100
70,nov/03/2024,15:13:39,HRGA,24HEURES,vc-213-10.27.24-OLI,100
71,nov/03/2024,15:39:21,LNRMD,24HEURES,vc-907-10.23.24-CL,100
72,nov/03/2024,15:44:36,GNTA5,24HEURES,vc-112-10.09.24-BABINE,100
73,nov/03/2024,15:54:52,BJH89,24HEURES,vc-457-10.06.24-BAT,100
74,nov/03/2024,17:08:25,FAK82,24HEURES,vc-907-10.23.24-CL,100
75,nov/03/2024,18:15:37,NVSS,24HEURES,vc-213-10.27.24-OLI,100
76,nov/03/2024,18:56:17,YVG98,24HEURES,vc-457-10.06.24-BAT,100
77,nov/03/2024,19:34:19,BH96,24HEURES,vc-213-10.27.24-OLI,100
78,nov/03/2024,19:50:59,RFX84,24HEURES,vc-457-10.06.24-BAT,100
79,nov/03/2024,19:56:48,XPWE,24HEURES,vc-213-10.27.24-OLI,100
80,nov/03/2024,20:02:19,HTR63,24HEURES,vc-457-10.06.24-BAT,100
81,nov/03/2024,20:56:16,YSR28,24HEURES,vc-457-10.06.24-BAT,100
82,nov/03/2024,20:57:13,L2BH,24HEURES,vc-213-10.27.24-OLI,100
83,nov/03/2024,21:16:23,KDCK,24HEURES,vc-213-10.27.24-OLI,100
84,nov/03/2024,23:57:02,TYFC,24HEURES,vc-213-10.27.24-OLI,100
85,nov/04/2024,00:08:20,PZLW,24HEURES,vc-213-10.27.24-OLI,100
86,nov/04/2024,10:04:59,ZNK72,24HEURES,vc-457-10.06.24-BAT,100
87,nov/04/2024,11:09:52,TWB34,24HEURES,vc-457-10.06.24-BAT,100
88,nov/04/2024,11:41:43,P5F7,24HEURES,vc-213-10.27.24-OLI,100
89,nov/04/2024,12:22:17,3GT2,24HEURES,vc-213-10.27.24-OLI,100
90,nov/04/2024,14:07:46,ACC47,24HEURES,vc-457-10.06.24-BAT,100
91,nov/04/2024,14:08:04,AUS75,24HEURES,vc-457-10.06.24-BAT,100
92,nov/04/2024,14:08:12,CLY84,24HEURES,vc-457-10.06.24-BAT,100
93,nov/04/2024,14:08:14,BU4P2,24HEURES,vc-112-10.09.24-BABINE,100
94,nov/04/2024,14:19:42,AM6X,24HEURES,vc-213-10.27.24-OLI,100
95,nov/04/2024,15:06:59,MSSZ7,24HEURES,vc-112-10.09.24-BABINE,100
96,nov/04/2024,15:42:52,EL34,24HEURES,vc-213-10.27.24-OLI,100
97,nov/04/2024,16:10:08,FMR69,24HEURES,vc-457-10.06.24-BAT,100
98,nov/04/2024,17:13:54,PY526,24HEURES,vc-112-10.09.24-BABINE,100
99,nov/04/2024,19:07:11,9L3KT,24HEURES,vc-112-10.09.24-BABINE,100
100,nov/04/2024,19:32:44,NDTX,24HEURES,vc-213-10.27.24-OLI,100
101,nov/04/2024,19:46:43,C3YF,24HEURES,vc-213-10.27.24-OLI,100
102,nov/04/2024,19:56:22,SWR66,24HEURES,vc-457-10.06.24-BAT,100
103,nov/04/2024,21:05:17,ZVT35,24HEURES,vc-457-10.06.24-BAT,100
104,nov/04/2024,21:43:28,2985,24HEURES,vc-213-10.27.24-OLI,100
105,nov/04/2024,21:46:49,RJM44,24HEURES,vc-457-10.06.24-BAT,100
106,nov/04/2024,21:56:54,RJW77,24HEURES,vc-853-10.11.24-,100
107,nov/05/2024,08:32:10,6EBEA,24HEURES,vc-907-10.23.24-CL,100
108,nov/05/2024,09:04:19,JFL6,24HEURES,vc-213-10.27.24-OLI,100
109,nov/05/2024,09:26:48,758J,24HEURES,vc-481-10.21.24-BAT,100
110,nov/05/2024,09:35:12,BUPB,24HEURES,vc-213-10.27.24-OLI,100
111,nov/05/2024,10:41:16,GKB55,24HEURES,vc-457-10.06.24-BAT,100
112,nov/05/2024,11:46:49,E6TB,24HEURES,vc-213-10.27.24-OLI,100
113,nov/05/2024,12:13:16,3YRK,24HEURES,vc-213-10.27.24-OLI,100
114,nov/05/2024,12:14:32,MWZ8,24HEURES,vc-481-10.21.24-BAT,100
115,nov/05/2024,12:22:41,TS72,24HEURES,vc-481-10.21.24-BAT,100
116,nov/05/2024,13:30:36,ZDHB,24HEURES,vc-481-10.21.24-BAT,100
117,nov/05/2024,13:45:48,YWSP,24HEURES,vc-213-10.27.24-OLI,100
118,nov/05/2024,14:17:39,DJCJ2,24HEURES,vc-112-10.09.24-BABINE,100
119,nov/05/2024,14:45:34,UXU7M,24HEURES,vc-907-10.23.24-CL,100
120,nov/05/2024,15:36:12,6YHT,24HEURES,vc-481-10.21.24-BAT,100
121,nov/05/2024,16:12:45,58VR,24HEURES,vc-481-10.21.24-BAT,100
122,nov/05/2024,16:32:41,NLYNM,24HEURES,vc-907-10.23.24-CL,100
123,nov/05/2024,17:19:47,NWLU,24HEURES,vc-213-10.27.24-OLI,100
124,nov/05/2024,17:24:55,8NBPZ,24HEURES,vc-907-10.23.24-CL,100
125,nov/05/2024,17:26:07,BVD6A,24HEURES,vc-907-10.23.24-CL,100
126,nov/05/2024,17:28:01,5NKXK,24HEURES,vc-907-10.23.24-CL,100
127,nov/05/2024,17:33:57,EPWH,24HEURES,vc-481-10.21.24-BAT,100
128,nov/05/2024,17:44:51,DCN83,24HEURES,vc-112-10.09.24-BABINE,100
129,nov/05/2024,18:31:18,2GPH,24HEURES,vc-213-10.27.24-OLI,100
130,nov/05/2024,18:45:58,CDK6,24HEURES,vc-213-10.27.24-OLI,100
131,nov/05/2024,19:19:32,L7NU6,24HEURES,vc-112-10.09.24-BABINE,100
132,nov/05/2024,19:23:31,4SKA,24HEURES,vc-481-10.21.24-BAT,100
133,nov/05/2024,19:30:54,68HM,24HEURES,vc-213-10.27.24-OLI,100
134,nov/05/2024,20:07:58,U6PF,24HEURES,vc-481-10.21.24-BAT,100
135,nov/05/2024,20:09:43,ZZMU4959,1SEMAINE,vc-129-10.04.24-BABINE,700
136,nov/05/2024,20:49:34,7DGJ,24HEURES,vc-213-10.27.24-OLI,100
137,nov/05/2024,21:09:19,Y6W6,24HEURES,vc-481-10.21.24-BAT,100
138,nov/06/2024,08:38:35,WKJY6,24HEURES,vc-259-11.05.24-BAB,100
139,nov/06/2024,08:39:50,CT8Y,24HEURES,vc-213-10.27.24-OLI,100
140,nov/06/2024,09:26:54,D33AE,24HEURES,vc-259-11.05.24-BAB,100
141,nov/06/2024,09:28:07,2JS9Y,24HEURES,vc-259-11.05.24-BAB,100
142,nov/06/2024,11:05:43,CRNS,24HEURES,vc-481-10.21.24-BAT,100
143,nov/06/2024,11:12:15,8WLC,24HEURES,vc-481-10.21.24-BAT,100
144,nov/06/2024,13:16:56,6BK8,24HEURES,vc-481-10.21.24-BAT,100
145,nov/06/2024,13:18:22,S7MY,24HEURES,vc-213-10.27.24-OLI,100
146,nov/06/2024,13:34:38,ESC3S,24HEURES,vc-907-10.23.24-CL,100
147,nov/06/2024,14:06:00,8SSA,24HEURES,vc-481-10.21.24-BAT,100
148,nov/06/2024,14:07:10,8THL,24HEURES,vc-481-10.21.24-BAT,100
149,nov/06/2024,14:25:17,APK5,24HEURES,vc-481-10.21.24-BAT,100
150,nov/06/2024,14:42:23,M8Y27,24HEURES,vc-907-10.23.24-CL,100
151,nov/06/2024,16:44:46,YA3K,24HEURES,vc-213-10.27.24-OLI,100
152,nov/06/2024,16:45:07,4RA28,24HEURES,vc-907-10.23.24-CL,100
153,nov/06/2024,17:23:57,TYG5,24HEURES,vc-213-10.27.24-OLI,100
154,nov/06/2024,17:26:25,N7X2,24HEURES,vc-481-10.21.24-BAT,100
155,nov/06/2024,18:57:57,DTU8,24HEURES,vc-213-10.27.24-OLI,100
156,nov/06/2024,19:10:54,MCSSM,24HEURES,vc-259-11.05.24-BAB,100
157,nov/06/2024,19:24:39,8UKP,24HEURES,vc-213-10.27.24-OLI,100
158,nov/06/2024,19:49:25,BVYS2,24HEURES,vc-907-10.23.24-CL,100
159,nov/06/2024,19:51:08,A1M787,1MOIS,vc-309-07.21.24-,3000
160,nov/06/2024,19:56:49,CZV3Z,24HEURES,vc-907-10.23.24-CL,100
161,nov/06/2024,20:01:22,U24W,24HEURES,vc-481-10.21.24-BAT,100
162,nov/06/2024,20:44:57,BUXM,24HEURES,vc-481-10.21.24-BAT,100
163,nov/06/2024,21:18:22,NUGW,24HEURES,vc-481-10.21.24-BAT,100
164,nov/06/2024,21:31:40,GYNW,24HEURES,vc-213-10.27.24-OLI,100
165,nov/07/2024,06:50:37,UVYK6749,1SEMAINE,vc-129-10.04.24-BABINE,700
166,nov/07/2024,08:13:21,GV4M,24HEURES,vc-213-10.27.24-OLI,100
167,nov/07/2024,12:30:54,Y38T,24HEURES,vc-481-10.21.24-BAT,100
168,nov/07/2024,12:36:03,PULJG,24HEURES,vc-907-10.23.24-CL,100
169,nov/07/2024,12:44:15,9HBEA,24HEURES,vc-259-11.05.24-BAB,100
170,nov/07/2024,12:50:48,LM3YY,24HEURES,vc-907-10.23.24-CL,100
171,nov/07/2024,13:18:24,KDVJ2,24HEURES,vc-907-10.23.24-CL,100
172,nov/07/2024,13:26:07,SKSX,24HEURES,vc-213-10.27.24-OLI,100
173,nov/07/2024,13:36:10,PCDE,24HEURES,vc-481-10.21.24-BAT,100
174,nov/07/2024,13:36:30,ZUVP,24HEURES,vc-213-10.27.24-OLI,100
175,nov/07/2024,13:41:34,BD92,24HEURES,vc-213-10.27.24-OLI,100
176,nov/07/2024,14:51:22,4V9Z,24HEURES,vc-481-10.21.24-BAT,100
177,nov/07/2024,16:51:19,37RH,24HEURES,vc-481-10.21.24-BAT,100
178,nov/07/2024,16:55:44,ZNV9,24HEURES,vc-481-10.21.24-BAT,100
179,nov/07/2024,17:11:09,KBES,24HEURES,vc-213-10.27.24-OLI,100
180,nov/07/2024,17:29:59,YSYT,24HEURES,vc-481-10.21.24-BAT,100
181,nov/07/2024,17:51:02,8NBL,24HEURES,vc-213-10.27.24-OLI,100
182,nov/07/2024,18:11:38,6D5D,24HEURES,vc-481-10.21.24-BAT,100
183,nov/07/2024,18:37:04,2FAF,24HEURES,vc-213-10.27.24-OLI,100
184,nov/07/2024,19:04:45,X796,24HEURES,vc-213-10.27.24-OLI,100
185,nov/07/2024,19:09:44,6AVF,24HEURES,vc-481-10.21.24-BAT,100
186,nov/07/2024,19:14:17,4U55,24HEURES,vc-213-10.27.24-OLI,100
187,nov/07/2024,19:20:45,5M6D,24HEURES,vc-213-10.27.24-OLI,100
188,nov/07/2024,19:26:11,9SZR,24HEURES,vc-213-10.27.24-OLI,100
189,nov/07/2024,19:38:32,UTEF,24HEURES,vc-213-10.27.24-OLI,100
190,nov/07/2024,19:49:04,L8P7,24HEURES,vc-213-10.27.24-OLI,100
191,nov/07/2024,20:19:51,WVV5,24HEURES,vc-213-10.27.24-OLI,100
192,nov/07/2024,20:45:39,RPDS,24HEURES,vc-213-10.27.24-OLI,100
193,nov/07/2024,21:47:55,NUP7,24HEURES,vc-481-10.21.24-BAT,100
194,nov/07/2024,21:54:11,5HMP,24HEURES,vc-481-10.21.24-BAT,100
195,nov/08/2024,08:02:43,N6D7F,24HEURES,vc-259-11.05.24-BAB,100
196,nov/08/2024,09:00:34,G94B,24HEURES,vc-213-10.27.24-OLI,100
197,nov/08/2024,09:10:16,6S6N9,24HEURES,vc-259-11.05.24-BAB,100
198,nov/08/2024,09:12:22,6YUD,24HEURES,vc-481-10.21.24-BAT,100
199,nov/08/2024,10:28:38,KFD7,24HEURES,vc-213-10.27.24-OLI,100
200,nov/08/2024,11:37:30,TUJC2384,1SEMAINE,vc-129-10.04.24-BABINE,700
201,nov/08/2024,11:55:10,9NUF,24HEURES,vc-481-10.21.24-BAT,100
202,nov/08/2024,11:59:37,BT88,24HEURES,vc-481-10.21.24-BAT,100
203,nov/08/2024,12:03:48,9BEW,24HEURES,vc-481-10.21.24-BAT,100
204,nov/08/2024,13:22:49,P7KU,24HEURES,vc-213-10.27.24-OLI,100
205,nov/08/2024,13:51:16,RJMV,24HEURES,vc-213-10.27.24-OLI,100
206,nov/08/2024,14:21:50,RYN7,24HEURES,vc-481-10.21.24-BAT,100
207,nov/08/2024,14:39:44,KV6R,24HEURES,vc-481-10.21.24-BAT,100
208,nov/08/2024,14:59:02,L3MC,24HEURES,vc-481-10.21.24-BAT,100
209,nov/08/2024,17:18:26,9CNB,24HEURES,vc-481-10.21.24-BAT,100
210,nov/08/2024,17:29:30,45TB2,24HEURES,vc-259-11.05.24-BAB,100
211,nov/08/2024,18:20:17,KEC7,24HEURES,vc-481-10.21.24-BAT,100
212,nov/08/2024,18:50:27,66CV,24HEURES,vc-481-10.21.24-BAT,100
213,nov/08/2024,18:54:37,H4SZ,24HEURES,vc-481-10.21.24-BAT,100
214,nov/08/2024,19:03:02,C99E,24HEURES,vc-481-10.21.24-BAT,100
215,nov/08/2024,19:20:00,UPSF,24HEURES,vc-213-10.27.24-OLI,100
216,nov/08/2024,19:59:28,S2PE,24HEURES,vc-213-10.27.24-OLI,100
217,nov/08/2024,20:07:50,BGXTB,24HEURES,vc-259-11.05.24-BAB,100
218,nov/08/2024,20:31:09,EVB4H,24HEURES,vc-259-11.05.24-BAB,100
219,nov/08/2024,20:34:39,RH5N,24HEURES,vc-213-10.27.24-OLI,100
220,nov/08/2024,20:35:51,J4V8,24HEURES,vc-481-10.21.24-BAT,100
221,nov/08/2024,20:48:43,YGMG,24HEURES,vc-481-10.21.24-BAT,100
222,nov/08/2024,21:47:13,Z9XC,24HEURES,vc-213-10.27.24-OLI,100
223,nov/08/2024,22:44:43,RSK8,24HEURES,vc-213-10.27.24-OLI,100
224,nov/08/2024,23:08:30,9FCN,24HEURES,vc-213-10.27.24-OLI,100
225,nov/09/2024,12:07:10,MERHT,24HEURES,vc-259-11.05.24-BAB,100
226,nov/09/2024,12:07:15,E7BL,24HEURES,vc-213-10.27.24-OLI,100
227,nov/09/2024,12:12:05,E5JS,24HEURES,vc-481-10.21.24-BAT,100
228,nov/09/2024,12:20:24,RFE7,24HEURES,vc-213-10.27.24-OLI,100
229,nov/09/2024,12:27:05,HJ5E,24HEURES,vc-481-10.21.24-BAT,100
230,nov/09/2024,12:50:50,JKBZ,24HEURES,vc-213-10.27.24-OLI,100
231,nov/09/2024,14:38:57,W84FG,24HEURES,vc-259-11.05.24-BAB,100
232,nov/09/2024,15:43:47,RPR2C,24HEURES,vc-259-11.05.24-BAB,100
233,nov/09/2024,16:04:59,5JTS,24HEURES,vc-481-10.21.24-BAT,100
234,nov/09/2024,17:38:15,GN47,24HEURES,vc-481-10.21.24-BAT,100
235,nov/09/2024,19:48:51,RLVV,24HEURES,vc-213-10.27.24-OLI,100
236,nov/09/2024,20:02:51,FVX7D,24HEURES,vc-259-11.05.24-BAB,100
237,nov/09/2024,20:24:24,ZCTB,24HEURES,vc-213-10.27.24-OLI,100
238,nov/09/2024,20:56:34,N76A,24HEURES,vc-481-10.21.24-BAT,100
239,nov/09/2024,20:58:01,57S4,24HEURES,vc-481-10.21.24-BAT,100
240,nov/09/2024,21:55:00,CFSE,24HEURES,vc-481-10.21.24-BAT,100
241,nov/10/2024,09:29:13,XZFX,24HEURES,vc-481-10.21.24-BAT,100
242,nov/10/2024,09:32:02,B95L,24HEURES,vc-481-10.21.24-BAT,100
243,nov/10/2024,10:58:28,7LAZ,24HEURES,vc-213-10.27.24-OLI,100
244,nov/10/2024,11:13:29,P8GX,24HEURES,vc-481-10.21.24-BAT,100
245,nov/10/2024,12:13:50,YWMB,24HEURES,vc-213-10.27.24-OLI,100
246,nov/10/2024,12:16:45,U4PG,24HEURES,vc-213-10.27.24-OLI,100
247,nov/10/2024,12:17:29,993L,24HEURES,vc-213-10.27.24-OLI,100
248,nov/10/2024,13:01:44,S77Z,24HEURES,vc-213-10.27.24-OLI,100
249,nov/10/2024,13:04:31,9NTP,24HEURES,vc-481-10.21.24-BAT,100
250,nov/10/2024,13:07:09,CV2N,24HEURES,vc-213-10.27.24-OLI,100
251,nov/10/2024,13:34:11,MMS7N,24HEURES,vc-259-11.05.24-BAB,100
252,nov/10/2024,13:47:40,76W69,24HEURES,vc-259-11.05.24-BAB,100
253,nov/10/2024,13:51:44,NH5K,24HEURES,vc-213-10.27.24-OLI,100
254,nov/10/2024,14:22:20,PYED4,24HEURES,vc-259-11.05.24-BAB,100
255,nov/10/2024,15:05:51,EU5C,24HEURES,vc-481-10.21.24-BAT,100
256,nov/10/2024,15:10:21,XDNL,24HEURES,vc-481-10.21.24-BAT,100
257,nov/10/2024,15:12:06,J7RR,24HEURES,vc-481-10.21.24-BAT,100
258,nov/10/2024,15:24:54,HJ3P6,24HEURES,vc-259-11.05.24-BAB,100
259,nov/10/2024,15:47:34,RZYB,24HEURES,vc-481-10.21.24-BAT,100
260,nov/10/2024,16:09:16,UTVSL,24HEURES,vc-259-11.05.24-BAB,100
261,nov/10/2024,16:46:48,WPK7W,24HEURES,vc-259-11.05.24-BAB,100
262,nov/10/2024,17:38:17,DDWV,24HEURES,vc-481-10.21.24-BAT,100
263,nov/10/2024,17:40:56,25ST,24HEURES,vc-213-10.27.24-OLI,100
264,nov/10/2024,18:26:27,WVZ9,24HEURES,vc-213-10.27.24-OLI,100
265,nov/10/2024,18:38:34,AJKA,24HEURES,vc-481-10.21.24-BAT,100
266,nov/10/2024,19:06:20,6V33,24HEURES,vc-213-10.27.24-OLI,100
267,nov/10/2024,19:26:13,U3AE,24HEURES,vc-481-10.21.24-BAT,100
268,nov/10/2024,20:08:17,Y8N2,24HEURES,vc-213-10.27.24-OLI,100
269,nov/10/2024,20:31:20,AZEY,24HEURES,vc-481-10.21.24-BAT,100
270,nov/10/2024,20:51:39,HEP5,24HEURES,vc-481-10.21.24-BAT,100
271,nov/10/2024,20:57:38,VSTP,24HEURES,vc-481-10.21.24-BAT,100
272,nov/10/2024,21:03:04,JJB5,24HEURES,vc-481-10.21.24-BAT,100
273,nov/10/2024,21:41:33,ABL8,24HEURES,vc-481-10.21.24-BAT,100
274,nov/10/2024,21:44:13,56N7,24HEURES,vc-481-10.21.24-BAT,100
275,nov/10/2024,21:49:42,KFRC,24HEURES,vc-213-10.27.24-OLI,100
276,nov/10/2024,22:01:54,8RXR,24HEURES,vc-213-10.27.24-OLI,100
277,nov/11/2024,10:43:11,MDY8,24HEURES,vc-481-10.21.24-BAT,100
278,nov/11/2024,11:29:30,TLKH,24HEURES,vc-213-10.27.24-OLI,100
279,nov/11/2024,12:24:12,ZB7Y,24HEURES,vc-481-10.21.24-BAT,100
280,nov/11/2024,12:26:09,LZ9L,24HEURES,vc-481-10.21.24-BAT,100
281,nov/11/2024,12:27:37,75V6K,24HEURES,vc-259-11.05.24-BAB,100
282,nov/11/2024,12:28:46,H8HJ,24HEURES,vc-481-10.21.24-BAT,100
283,nov/11/2024,12:30:35,Z893,24HEURES,vc-213-10.27.24-OLI,100
284,nov/11/2024,12:51:37,X62V,24HEURES,vc-213-10.27.24-OLI,100
285,nov/11/2024,12:54:05,BU5E,24HEURES,vc-481-10.21.24-BAT,100
286,nov/11/2024,14:12:38,NREU,24HEURES,vc-500-11.11.24-OLI,100
287,nov/11/2024,14:34:12,F2Z3,24HEURES,vc-481-10.21.24-BAT,100
288,nov/11/2024,14:53:48,8Z3W,24HEURES,vc-481-10.21.24-BAT,100
289,nov/11/2024,15:02:14,NMN26,24HEURES,vc-259-11.05.24-BAB,100
290,nov/11/2024,15:05:57,SRKB,24HEURES,vc-500-11.11.24-OLI,100
291,nov/11/2024,15:16:01,ADEG,24HEURES,vc-500-11.11.24-OLI,100
292,nov/11/2024,15:52:11,CGBD,24HEURES,vc-500-11.11.24-OLI,100
293,nov/11/2024,15:58:19,WCXDX,24HEURES,vc-259-11.05.24-BAB,100
294,nov/11/2024,16:24:41,U4XG9,24HEURES,vc-259-11.05.24-BAB,100
295,nov/11/2024,16:24:59,CNBY,24HEURES,vc-500-11.11.24-OLI,100
296,nov/11/2024,16:52:51,2KB3C,24HEURES,vc-259-11.05.24-BAB,100
297,nov/11/2024,17:46:04,2PKU3,24HEURES,vc-259-11.05.24-BAB,100
298,nov/11/2024,18:23:19,7KWL,24HEURES,vc-500-11.11.24-OLI,100
299,nov/11/2024,18:47:24,VYH7,24HEURES,vc-500-11.11.24-OLI,100
300,nov/11/2024,19:07:15,KAAS,24HEURES,vc-481-10.21.24-BAT,100
301,nov/11/2024,19:08:43,8F3Z,24HEURES,vc-481-10.21.24-BAT,100
302,nov/11/2024,19:38:43,SCA2V,24HEURES,vc-259-11.05.24-BAB,100
303,nov/11/2024,19:53:21,27SR,24HEURES,vc-500-11.11.24-OLI,100
304,nov/11/2024,21:22:24,G4LU,24HEURES,vc-481-10.21.24-BAT,100
305,nov/11/2024,21:38:24,63P7,24HEURES,vc-500-11.11.24-OLI,100
306,nov/12/2024,08:06:02,RSXB,24HEURES,vc-500-11.11.24-OLI,100
307,nov/12/2024,08:18:43,5BFL,24HEURES,vc-500-11.11.24-OLI,100
308,nov/12/2024,08:42:45,7CE5,24HEURES,vc-500-11.11.24-OLI,100
309,nov/12/2024,09:03:19,YGG9,24HEURES,vc-481-10.21.24-BAT,100
310,nov/12/2024,09:39:12,E22X,24HEURES,vc-481-10.21.24-BAT,100
311,nov/12/2024,10:17:34,E9T7E,24HEURES,vc-259-11.05.24-BAB,100
312,nov/12/2024,10:27:13,F7WT,24HEURES,vc-481-10.21.24-BAT,100
313,nov/12/2024,12:31:14,HTLLY,24HEURES,vc-259-11.05.24-BAB,100
314,nov/12/2024,13:01:33,WTH5,24HEURES,vc-500-11.11.24-OLI,100
315,nov/12/2024,14:30:18,W8ZH5,24HEURES,vc-259-11.05.24-BAB,100
316,nov/12/2024,14:55:24,RASUK,24HEURES,vc-259-11.05.24-BAB,100
317,nov/12/2024,14:57:46,TLR5,24HEURES,vc-500-11.11.24-OLI,100
318,nov/12/2024,15:06:05,S4HE,24HEURES,vc-500-11.11.24-OLI,100
319,nov/12/2024,15:30:27,PMA9,24HEURES,vc-481-10.21.24-BAT,100
320,nov/12/2024,15:45:50,TL5J,24HEURES,vc-500-11.11.24-OLI,100
321,nov/12/2024,17:21:02,PFJVR,24HEURES,vc-259-11.05.24-BAB,100
322,nov/12/2024,17:40:51,8NWJ,24HEURES,vc-500-11.11.24-OLI,100
323,nov/12/2024,17:50:27,66YJ,24HEURES,vc-500-11.11.24-OLI,100
324,nov/12/2024,18:07:56,BBXX,24HEURES,vc-481-10.21.24-BAT,100
325,nov/12/2024,18:31:03,LKHG,24HEURES,vc-481-10.21.24-BAT,100
326,nov/12/2024,18:31:13,W54R,24HEURES,vc-481-10.21.24-BAT,100
327,nov/12/2024,18:35:51,4GZXG,24HEURES,vc-259-11.05.24-BAB,100
328,nov/12/2024,18:44:07,836F,24HEURES,vc-104-11.08.24-CL,100
329,nov/12/2024,18:56:58,S3ZC,24HEURES,vc-500-11.11.24-OLI,100
330,nov/12/2024,19:11:13,E8UF,24HEURES,vc-481-10.21.24-BAT,100
331,nov/12/2024,19:24:36,T97U,24HEURES,vc-481-10.21.24-BAT,100
332,nov/12/2024,19:34:56,WKZ4,24HEURES,vc-500-11.11.24-OLI,100
333,nov/12/2024,20:02:42,9E4F,24HEURES,vc-481-10.21.24-BAT,100
334,nov/12/2024,20:20:27,45YP,24HEURES,vc-500-11.11.24-OLI,100
335,nov/12/2024,20:48:47,KTB89,24HEURES,vc-259-11.05.24-BAB,100
336,nov/13/2024,07:53:17,XVLC,24HEURES,vc-104-11.08.24-CL,100
337,nov/13/2024,08:46:06,8HDWL,24HEURES,vc-259-11.05.24-BAB,100
338,nov/13/2024,09:28:32,8ZAB,24HEURES,vc-500-11.11.24-OLI,100
339,nov/13/2024,10:46:41,6XUH,24HEURES,vc-481-10.21.24-BAT,100
340,nov/13/2024,10:50:55,ZZ5FY,24HEURES,vc-259-11.05.24-BAB,100
341,nov/13/2024,10:56:02,WDYL,24HEURES,vc-481-10.21.24-BAT,100
342,nov/13/2024,11:27:34,ZPBF,24HEURES,vc-481-10.21.24-BAT,100
343,nov/13/2024,12:02:38,U36Z,24HEURES,vc-481-10.21.24-BAT,100
344,nov/13/2024,12:35:58,RA8B,24HEURES,vc-500-11.11.24-OLI,100
345,nov/13/2024,13:57:23,W9BT,24HEURES,vc-500-11.11.24-OLI,100
346,nov/13/2024,14:02:17,M3AC,24HEURES,vc-500-11.11.24-OLI,100
347,nov/13/2024,14:20:01,YAPJ,24HEURES,vc-104-11.08.24-CL,100
348,nov/13/2024,14:22:00,T5YM,24HEURES,vc-481-10.21.24-BAT,100
349,nov/13/2024,15:12:07,MZCKX,24HEURES,vc-259-11.05.24-BAB,100
350,nov/13/2024,15:15:02,M6FM,24HEURES,vc-481-10.21.24-BAT,100
351,nov/13/2024,15:18:50,WCBA,24HEURES,vc-500-11.11.24-OLI,100
352,nov/13/2024,16:59:23,J8MS,24HEURES,vc-481-10.21.24-BAT,100
353,nov/13/2024,18:19:33,7ZU7,24HEURES,vc-481-10.21.24-BAT,100
354,nov/13/2024,18:59:28,FAY5,24HEURES,vc-481-10.21.24-BAT,100
355,nov/13/2024,18:59:46,TGES,24HEURES,vc-500-11.11.24-OLI,100
356,nov/13/2024,19:08:24,ZHXUA,24HEURES,vc-259-11.05.24-BAB,100
357,nov/13/2024,19:12:49,26VW,24HEURES,vc-481-10.21.24-BAT,100
358,nov/13/2024,19:17:16,ADM4,24HEURES,vc-104-11.08.24-CL,100
359,nov/13/2024,19:19:33,WXKZ,24HEURES,vc-500-11.11.24-OLI,100
360,nov/13/2024,19:46:18,YKYB,24HEURES,vc-500-11.11.24-OLI,100
361,nov/13/2024,19:51:04,HU5P,24HEURES,vc-481-10.21.24-BAT,100
362,nov/13/2024,20:06:27,A3RL,24HEURES,vc-500-11.11.24-OLI,100
363,nov/13/2024,20:06:35,BLKX,24HEURES,vc-500-11.11.24-OLI,100
364,nov/13/2024,21:01:38,VT76D,24HEURES,vc-259-11.05.24-BAB,100
365,nov/13/2024,21:02:58,FCYG,24HEURES,vc-500-11.11.24-OLI,100
366,nov/13/2024,21:14:51,R273,24HEURES,vc-500-11.11.24-OLI,100
367,nov/13/2024,21:17:52,SX6Y,24HEURES,vc-481-10.21.24-BAT,100
368,nov/13/2024,21:18:03,CGAX,24HEURES,vc-481-10.21.24-BAT,100
369,nov/13/2024,21:19:46,EDKKS,24HEURES,vc-259-11.05.24-BAB,100
370,nov/13/2024,23:04:32,6HM8,24HEURES,vc-500-11.11.24-OLI,100
371,nov/13/2024,23:26:38,MEJ2,24HEURES,vc-500-11.11.24-OLI,100
372,nov/14/2024,06:56:53,7CJJ,24HEURES,vc-104-11.08.24-CL,100
373,nov/14/2024,09:00:04,BJRE,24HEURES,vc-500-11.11.24-OLI,100
374,nov/14/2024,10:24:27,U9YC,24HEURES,vc-104-11.08.24-CL,100
375,nov/14/2024,10:58:40,5Z6C,24HEURES,vc-481-10.21.24-BAT,100
376,nov/14/2024,11:35:23,VCKB,24HEURES,vc-481-10.21.24-BAT,100
377,nov/14/2024,11:35:35,G962,24HEURES,vc-481-10.21.24-BAT,100
378,nov/14/2024,11:36:21,HK83,24HEURES,vc-481-10.21.24-BAT,100
379,nov/14/2024,12:13:19,G7AR,24HEURES,vc-104-11.08.24-CL,100
380,nov/14/2024,12:49:28,LDLED,24HEURES,vc-196-11.13.24-BAT,100
381,nov/14/2024,13:21:30,KM4J,24HEURES,vc-500-11.11.24-OLI,100
382,nov/14/2024,13:50:07,F2WB,24HEURES,vc-481-10.21.24-BAT,100
383,nov/14/2024,13:52:59,2PCB,24HEURES,vc-481-10.21.24-BAT,100
384,nov/14/2024,13:55:30,FNW2,24HEURES,vc-481-10.21.24-BAT,100
385,nov/14/2024,14:26:02,KD82,24HEURES,vc-500-11.11.24-OLI,100
386,nov/14/2024,14:30:47,NCSY,24HEURES,vc-500-11.11.24-OLI,100
387,nov/14/2024,15:02:16,FYWZ7,24HEURES,vc-196-11.13.24-BAT,100
388,nov/14/2024,15:29:12,XUEN8,24HEURES,vc-196-11.13.24-BAT,100
389,nov/14/2024,15:56:55,B278,24HEURES,vc-481-10.21.24-BAT,100
390,nov/14/2024,16:26:16,4TP7N,24HEURES,vc-259-11.05.24-BAB,100
391,nov/14/2024,16:49:21,JRP85,24HEURES,vc-259-11.05.24-BAB,100
392,nov/14/2024,17:21:02,VAV2D,24HEURES,vc-196-11.13.24-BAT,100
393,nov/14/2024,17:59:32,69UX,24HEURES,vc-500-11.11.24-OLI,100
394,nov/14/2024,18:11:48,X5MR,24HEURES,vc-500-11.11.24-OLI,100
395,nov/14/2024,18:26:53,CLGZ,24HEURES,vc-481-10.21.24-BAT,100
396,nov/14/2024,18:27:50,MCKF,24HEURES,vc-104-11.08.24-CL,100
397,nov/14/2024,18:41:40,XP28Y,24HEURES,vc-259-11.05.24-BAB,100
398,nov/14/2024,18:43:14,969B,24HEURES,vc-500-11.11.24-OLI,100
399,nov/14/2024,18:51:04,LYXWL,24HEURES,vc-196-11.13.24-BAT,100
400,nov/14/2024,19:40:33,YZZMU,24HEURES,vc-259-11.05.24-BAB,100
401,nov/14/2024,19:46:38,YBAGS,24HEURES,vc-196-11.13.24-BAT,100
402,nov/14/2024,20:24:39,UCMTE,24HEURES,vc-196-11.13.24-BAT,100
403,nov/14/2024,20:43:31,P6YW,24HEURES,vc-500-11.11.24-OLI,100
404,nov/14/2024,20:51:45,DMK3,24HEURES,vc-500-11.11.24-OLI,100
405,nov/14/2024,21:02:34,RG54,24HEURES,vc-500-11.11.24-OLI,100
406,nov/14/2024,21:05:43,W5WM,24HEURES,vc-481-10.21.24-BAT,100
407,nov/14/2024,21:15:46,YL3DC,24HEURES,vc-196-11.13.24-BAT,100
408,nov/14/2024,21:19:28,AWW78,24HEURES,vc-259-11.05.24-BAB,100
409,nov/14/2024,21:36:44,WPDCG,24HEURES,vc-196-11.13.24-BAT,100
410,nov/14/2024,21:37:13,NPNE,24HEURES,vc-104-11.08.24-CL,100
411,nov/14/2024,21:50:46,G5F8F,24HEURES,vc-196-11.13.24-BAT,100
412,nov/14/2024,21:58:51,VZ7H5,24HEURES,vc-196-11.13.24-BAT,100
413,nov/14/2024,22:17:37,3AYJ4,24HEURES,vc-259-11.05.24-BAB,100
414,nov/14/2024,23:29:47,BEBZ,24HEURES,vc-500-11.11.24-OLI,100
415,nov/15/2024,07:30:15,2HFW,24HEURES,vc-104-11.08.24-CL,100
416,nov/15/2024,08:24:06,FNXF,24HEURES,vc-104-11.08.24-CL,100
417,nov/15/2024,08:58:25,FJRY,24HEURES,vc-104-11.08.24-CL,100
418,nov/15/2024,10:02:39,6ANGA,24HEURES,vc-259-11.05.24-BAB,100
419,nov/15/2024,10:21:45,7JV9,24HEURES,vc-500-11.11.24-OLI,100
420,nov/15/2024,11:51:45,52NX,24HEURES,vc-500-11.11.24-OLI,100
421,nov/15/2024,11:56:10,SYL7N,24HEURES,vc-196-11.13.24-BAT,100
422,nov/15/2024,12:08:18,ZRWX,24HEURES,vc-104-11.08.24-CL,100
423,nov/15/2024,12:20:00,X6AF4,24HEURES,vc-196-11.13.24-BAT,100
424,nov/15/2024,13:19:13,VN9JX,24HEURES,vc-259-11.05.24-BAB,100
425,nov/15/2024,15:04:02,BADX,24HEURES,vc-500-11.11.24-OLI,100
426,nov/15/2024,15:36:19,JF95,24HEURES,vc-104-11.08.24-CL,100
427,nov/15/2024,16:38:30,YC9K,24HEURES,vc-104-11.08.24-CL,100
428,nov/15/2024,16:56:17,ML8AR,24HEURES,vc-196-11.13.24-BAT,100
429,nov/15/2024,16:58:42,7RXK,24HEURES,vc-500-11.11.24-OLI,100
430,nov/15/2024,17:04:46,YLWWZ,24HEURES,vc-196-11.13.24-BAT,100
431,nov/15/2024,17:05:38,EFBG6,24HEURES,vc-259-11.05.24-BAB,100
432,nov/15/2024,17:43:58,AXEX,24HEURES,vc-104-11.08.24-CL,100
433,nov/15/2024,17:56:13,H4VVX,24HEURES,vc-196-11.13.24-BAT,100
434,nov/15/2024,18:27:27,6R5U,24HEURES,vc-104-11.08.24-CL,100
435,nov/15/2024,18:50:05,CRH6H,24HEURES,vc-259-11.05.24-BAB,100
436,nov/15/2024,18:56:40,3ZG5,24HEURES,vc-500-11.11.24-OLI,100
437,nov/15/2024,19:06:52,9C9K,24HEURES,vc-104-11.08.24-CL,100
438,nov/15/2024,19:25:24,6S28,24HEURES,vc-500-11.11.24-OLI,100
439,nov/15/2024,19:26:17,UMEU,24HEURES,vc-500-11.11.24-OLI,100
440,nov/15/2024,20:21:08,5YFH,24HEURES,vc-500-11.11.24-OLI,100
441,nov/15/2024,20:25:21,7B353,24HEURES,vc-196-11.13.24-BAT,100
442,nov/15/2024,20:25:52,L2M3,24HEURES,vc-500-11.11.24-OLI,100
443,nov/15/2024,20:26:57,BENXH,24HEURES,vc-259-11.05.24-BAB,100
444,nov/15/2024,20:29:27,8ZZY,24HEURES,vc-500-11.11.24-OLI,100
445,nov/15/2024,20:50:24,L8KF,24HEURES,vc-500-11.11.24-OLI,100
446,nov/15/2024,20:58:16,9ZCD,24HEURES,vc-500-11.11.24-OLI,100
447,nov/15/2024,20:58:34,5796T,24HEURES,vc-196-11.13.24-BAT,100
448,nov/15/2024,20:59:41,4XJ8S,24HEURES,vc-196-11.13.24-BAT,100
449,nov/15/2024,21:12:01,N7BS,24HEURES,vc-500-11.11.24-OLI,100
450,nov/15/2024,22:46:12,TDCG7544,1SEMAINE,vc-129-10.04.24-BABINE,700
451,nov/15/2024,23:12:04,LZG2Z,24HEURES,vc-196-11.13.24-BAT,100
452,nov/15/2024,23:13:17,R7WYJ,24HEURES,vc-196-11.13.24-BAT,100
453,nov/15/2024,23:32:27,5JNT,24HEURES,vc-500-11.11.24-OLI,100
454,nov/16/2024,07:00:41,ZWCX5795,1SEMAINE,vc-129-10.04.24-BABINE,700
455,nov/16/2024,08:20:58,2VFG,24HEURES,vc-104-11.08.24-CL,100
456,nov/16/2024,09:50:56,UJRJH,24HEURES,vc-196-11.13.24-BAT,100
457,nov/16/2024,10:15:28,H49DP,24HEURES,vc-196-11.13.24-BAT,100
458,nov/16/2024,10:26:49,26VEU,24HEURES,vc-259-11.05.24-BAB,100
459,nov/16/2024,10:57:27,UWCP,24HEURES,vc-500-11.11.24-OLI,100
460,nov/16/2024,11:10:48,F75J,24HEURES,vc-500-11.11.24-OLI,100
461,nov/16/2024,11:18:53,FAYL,24HEURES,vc-104-11.08.24-CL,100
462,nov/16/2024,11:30:35,YY59V,24HEURES,vc-196-11.13.24-BAT,100
463,nov/16/2024,12:21:21,LCW9,24HEURES,vc-500-11.11.24-OLI,100
464,nov/16/2024,12:22:50,B4S25,24HEURES,vc-196-11.13.24-BAT,100
465,nov/16/2024,12:41:16,TMHS9,24HEURES,vc-196-11.13.24-BAT,100
466,nov/16/2024,12:55:11,WYCXZ,24HEURES,vc-259-11.05.24-BAB,100
467,nov/16/2024,14:18:03,3M5TS,24HEURES,vc-196-11.13.24-BAT,100
468,nov/16/2024,14:32:23,Z5UD,24HEURES,vc-104-11.08.24-CL,100
469,nov/16/2024,14:38:42,ZG7U,24HEURES,vc-500-11.11.24-OLI,100
470,nov/16/2024,15:45:21,563PK,24HEURES,vc-196-11.13.24-BAT,100
471,nov/16/2024,16:12:07,HU6C,24HEURES,vc-500-11.11.24-OLI,100
472,nov/16/2024,16:27:34,TJH7Y,24HEURES,vc-196-11.13.24-BAT,100
473,nov/16/2024,17:20:20,7UWA5,24HEURES,vc-196-11.13.24-BAT,100
474,nov/16/2024,17:37:45,TVBBD,24HEURES,vc-259-11.05.24-BAB,100
475,nov/16/2024,17:53:07,DWWRJ,24HEURES,vc-259-11.05.24-BAB,100
476,nov/16/2024,18:32:47,LGGRW,24HEURES,vc-196-11.13.24-BAT,100
477,nov/16/2024,18:32:49,NAMBZ,24HEURES,vc-196-11.13.24-BAT,100
478,nov/16/2024,18:33:34,2AYF8,24HEURES,vc-259-11.05.24-BAB,100
479,nov/16/2024,18:36:03,SN52B,24HEURES,vc-196-11.13.24-BAT,100
480,nov/16/2024,19:27:30,LAB5,24HEURES,vc-104-11.08.24-CL,100
481,nov/16/2024,20:15:53,EDXU,24HEURES,vc-500-11.11.24-OLI,100
482,nov/16/2024,20:22:10,M2VZ,24HEURES,vc-500-11.11.24-OLI,100
483,nov/16/2024,20:33:56,EWF3,24HEURES,vc-104-11.08.24-CL,100
484,nov/16/2024,20:59:51,LXJ9,24HEURES,vc-500-11.11.24-OLI,100
485,nov/16/2024,21:27:04,DEKZ,24HEURES,vc-500-11.11.24-OLI,100
486,nov/16/2024,21:32:04,GA8BX,24HEURES,vc-196-11.13.24-BAT,100
487,nov/16/2024,21:33:09,MZ2C8,24HEURES,vc-196-11.13.24-BAT,100
488,nov/16/2024,21:34:42,CA69,24HEURES,vc-500-11.11.24-OLI,100
489,nov/16/2024,21:43:22,5647,24HEURES,vc-500-11.11.24-OLI,100
490,nov/16/2024,22:10:51,Z9YD,24HEURES,vc-500-11.11.24-OLI,100
491,nov/16/2024,22:14:30,Z4GFM,24HEURES,vc-196-11.13.24-BAT,100
492,nov/16/2024,22:35:06,UEJC,24HEURES,vc-500-11.11.24-OLI,100
493,nov/16/2024,22:53:24,WNWX,24HEURES,vc-500-11.11.24-OLI,100
494,nov/17/2024,07:48:08,HPVTB,24HEURES,vc-259-11.05.24-BAB,100
495,nov/17/2024,08:24:25,U5JJE,24HEURES,vc-259-11.05.24-BAB,100
496,nov/17/2024,08:50:31,YUZP,24HEURES,vc-104-11.08.24-CL,100
497,nov/17/2024,09:00:06,TMHK,24HEURES,vc-104-11.08.24-CL,100
498,nov/17/2024,09:08:27,SE8R,24HEURES,vc-104-11.08.24-CL,100
499,nov/17/2024,09:10:04,Z89TH,24HEURES,vc-259-11.05.24-BAB,100
500,nov/17/2024,09:35:02,E26F,24HEURES,vc-500-11.11.24-OLI,100
501,nov/17/2024,10:17:52,TMYKS,24HEURES,vc-196-11.13.24-BAT,100
502,nov/17/2024,10:30:49,CH9EV,24HEURES,vc-196-11.13.24-BAT,100
503,nov/17/2024,11:01:09,MZNF,24HEURES,vc-104-11.08.24-CL,100
504,nov/17/2024,11:17:54,VVWU8,24HEURES,vc-196-11.13.24-BAT,100
505,nov/17/2024,11:43:01,4AZ9,24HEURES,vc-104-11.08.24-CL,100
506,nov/17/2024,11:51:46,Y5AJ,24HEURES,vc-104-11.08.24-CL,100
507,nov/17/2024,12:03:40,ZJ88F,24HEURES,vc-196-11.13.24-BAT,100
508,nov/17/2024,12:26:29,JB9B,24HEURES,vc-104-11.08.24-CL,100
509,nov/17/2024,12:33:53,JAUYF,24HEURES,vc-196-11.13.24-BAT,100
510,nov/17/2024,13:00:44,3SJU5,24HEURES,vc-196-11.13.24-BAT,100
511,nov/17/2024,13:06:43,JDN9,24HEURES,vc-500-11.11.24-OLI,100
512,nov/17/2024,13:19:24,MZE7A,24HEURES,vc-196-11.13.24-BAT,100
513,nov/17/2024,13:34:01,G2GT,24HEURES,vc-500-11.11.24-OLI,100
514,nov/17/2024,14:15:48,BHYV2,24HEURES,vc-196-11.13.24-BAT,100
515,nov/17/2024,14:33:05,DKWXD,24HEURES,vc-196-11.13.24-BAT,100
516,nov/17/2024,14:35:03,EMCPW,24HEURES,vc-259-11.05.24-BAB,100
517,nov/17/2024,15:21:04,7AV8,24HEURES,vc-104-11.08.24-CL,100
518,nov/17/2024,15:29:31,JVBW,24HEURES,vc-104-11.08.24-CL,100
519,nov/17/2024,15:39:29,X8EL,24HEURES,vc-500-11.11.24-OLI,100
520,nov/17/2024,15:56:24,VK4CC,24HEURES,vc-196-11.13.24-BAT,100
521,nov/17/2024,16:31:25,JFZXY,24HEURES,vc-196-11.13.24-BAT,100
522,nov/17/2024,17:46:58,T27VF,24HEURES,vc-196-11.13.24-BAT,100
523,nov/17/2024,17:51:29,EWRGV,24HEURES,vc-259-11.05.24-BAB,100
524,nov/17/2024,18:11:55,DPJ8N,24HEURES,vc-196-11.13.24-BAT,100
525,nov/17/2024,19:14:04,F7NG,24HEURES,vc-500-11.11.24-OLI,100
526,nov/17/2024,19:17:40,4B5DG,24HEURES,vc-259-11.05.24-BAB,100
527,nov/17/2024,19:26:02,RSD2,24HEURES,vc-500-11.11.24-OLI,100
528,nov/17/2024,19:29:45,WXAL,24HEURES,vc-500-11.11.24-OLI,100
529,nov/17/2024,19:36:44,JNKHC,24HEURES,vc-196-11.13.24-BAT,100
530,nov/17/2024,19:45:19,GC25P,24HEURES,vc-196-11.13.24-BAT,100
531,nov/17/2024,19:55:43,DCRB,24HEURES,vc-104-11.08.24-CL,100
532,nov/17/2024,19:56:31,PM67R,24HEURES,vc-259-11.05.24-BAB,100
533,nov/17/2024,20:24:27,9ZUN,24HEURES,vc-500-11.11.24-OLI,100
534,nov/17/2024,20:32:08,RSSN,24HEURES,vc-500-11.11.24-OLI,100
535,nov/17/2024,20:42:43,9PFUF,24HEURES,vc-259-11.05.24-BAB,100
536,nov/17/2024,21:14:29,P5UY,24HEURES,vc-500-11.11.24-OLI,100
537,nov/17/2024,22:27:44,URTC,24HEURES,vc-500-11.11.24-OLI,100
538,nov/18/2024,09:06:25,87NX,24HEURES,vc-104-11.08.24-CL,100
539,nov/18/2024,09:53:25,W9W7,24HEURES,vc-104-11.08.24-CL,100
540,nov/18/2024,10:40:45,T86S8,24HEURES,vc-259-11.05.24-BAB,100
541,nov/18/2024,10:49:36,7AEG6,24HEURES,vc-196-11.13.24-BAT,100
542,nov/18/2024,10:55:37,EPXY,24HEURES,vc-500-11.11.24-OLI,100
543,nov/18/2024,11:27:38,8S6S,24HEURES,vc-500-11.11.24-OLI,100
544,nov/18/2024,11:33:04,E5K8,24HEURES,vc-500-11.11.24-OLI,100
545,nov/18/2024,11:35:31,9CEN,24HEURES,vc-500-11.11.24-OLI,100
546,nov/18/2024,11:42:55,MK33,24HEURES,vc-104-11.08.24-CL,100
547,nov/18/2024,12:04:29,P23M9,24HEURES,vc-196-11.13.24-BAT,100
548,nov/18/2024,12:19:15,YRRW9,24HEURES,vc-259-11.05.24-BAB,100
549,nov/18/2024,12:48:13,6EAJS,24HEURES,vc-196-11.13.24-BAT,100
550,nov/18/2024,14:02:24,3DJPT,24HEURES,vc-196-11.13.24-BAT,100
551,nov/18/2024,14:09:50,6E35,24HEURES,vc-500-11.11.24-OLI,100
552,nov/18/2024,14:13:18,7EPK,24HEURES,vc-500-11.11.24-OLI,100
553,nov/18/2024,14:34:35,9YZA,24HEURES,vc-500-11.11.24-OLI,100
554,nov/18/2024,15:09:17,ZGWK,24HEURES,vc-500-11.11.24-OLI,100
555,nov/18/2024,15:24:53,VGJS,24HEURES,vc-104-11.08.24-CL,100
556,nov/18/2024,15:31:44,FM3P3,24HEURES,vc-259-11.05.24-BAB,100
557,nov/18/2024,15:35:03,DG32N,24HEURES,vc-196-11.13.24-BAT,100
558,nov/18/2024,16:15:02,2WSK,24HEURES,vc-104-11.08.24-CL,100
559,nov/18/2024,16:23:29,A647W,24HEURES,vc-196-11.13.24-BAT,100
560,nov/18/2024,16:26:05,K2SJF,24HEURES,vc-196-11.13.24-BAT,100
561,nov/18/2024,16:44:31,4N24R,24HEURES,vc-196-11.13.24-BAT,100
562,nov/18/2024,16:57:33,PK8CV,24HEURES,vc-196-11.13.24-BAT,100
563,nov/18/2024,17:49:00,UXS3,24HEURES,vc-104-11.08.24-CL,100
564,nov/18/2024,18:49:03,Z239R,24HEURES,vc-196-11.13.24-BAT,100
565,nov/18/2024,18:59:10,WPP3,24HEURES,vc-500-11.11.24-OLI,100
566,nov/18/2024,19:02:02,T7TC,24HEURES,vc-500-11.11.24-OLI,100
567,nov/18/2024,19:27:12,42SS,24HEURES,vc-500-11.11.24-OLI,100
568,nov/18/2024,19:41:43,X6N73,24HEURES,vc-196-11.13.24-BAT,100
569,nov/18/2024,19:44:21,JX9V,24HEURES,vc-500-11.11.24-OLI,100
570,nov/18/2024,19:48:46,6MTD,24HEURES,vc-500-11.11.24-OLI,100
571,nov/18/2024,20:03:40,G3N87,24HEURES,vc-259-11.05.24-BAB,100
572,nov/18/2024,20:33:27,NEHU,24HEURES,vc-104-11.08.24-CL,100
573,nov/18/2024,21:24:45,TBEB,24HEURES,vc-500-11.11.24-OLI,100
574,nov/18/2024,22:30:11,UPFC,24HEURES,vc-500-11.11.24-OLI,100
575,nov/19/2024,09:03:24,EZBY,24HEURES,vc-500-11.11.24-OLI,100
576,nov/19/2024,09:39:21,NBPBY,24HEURES,vc-259-11.05.24-BAB,100
577,nov/19/2024,09:50:29,F96M,24HEURES,vc-500-11.11.24-OLI,100
578,nov/19/2024,10:29:08,Z4CYY,24HEURES,vc-196-11.13.24-BAT,100
579,nov/19/2024,12:49:03,ARWJ9,24HEURES,vc-196-11.13.24-BAT,100
580,nov/19/2024,13:39:21,SXZS,24HEURES,vc-500-11.11.24-OLI,100
581,nov/19/2024,13:51:33,BHK2E,24HEURES,vc-196-11.13.24-BAT,100
582,nov/19/2024,14:14:52,2M7E4,24HEURES,vc-196-11.13.24-BAT,100
583,nov/19/2024,14:26:15,2UH4T,24HEURES,vc-196-11.13.24-BAT,100
584,nov/19/2024,14:33:12,ZN4D,24HEURES,vc-500-11.11.24-OLI,100
585,nov/19/2024,14:35:07,4VEA,24HEURES,vc-500-11.11.24-OLI,100
586,nov/19/2024,14:53:28,7R7TY,24HEURES,vc-196-11.13.24-BAT,100
587,nov/19/2024,15:01:41,CPNP,24HEURES,vc-500-11.11.24-OLI,100
588,nov/19/2024,15:15:41,F9UW,24HEURES,vc-104-11.08.24-CL,100
589,nov/19/2024,15:20:52,5SDXH,24HEURES,vc-259-11.05.24-BAB,100
590,nov/19/2024,16:19:24,6D2AL,24HEURES,vc-196-11.13.24-BAT,100
591,nov/19/2024,16:19:29,GBSTK,24HEURES,vc-196-11.13.24-BAT,100
592,nov/19/2024,16:41:01,R3LB5,24HEURES,vc-196-11.13.24-BAT,100
593,nov/19/2024,16:54:19,RUW7,24HEURES,vc-104-11.08.24-CL,100
594,nov/19/2024,18:07:22,3SJY,24HEURES,vc-500-11.11.24-OLI,100
595,nov/19/2024,18:26:56,TX62,24HEURES,vc-500-11.11.24-OLI,100
596,nov/19/2024,18:50:20,FY6X,24HEURES,vc-500-11.11.24-OLI,100
597,nov/19/2024,19:23:34,KRGSB,24HEURES,vc-196-11.13.24-BAT,100
598,nov/19/2024,20:01:38,C9YU,24HEURES,vc-104-11.08.24-CL,100
599,nov/19/2024,20:07:48,RXKD,24HEURES,vc-500-11.11.24-OLI,100
600,nov/19/2024,22:00:45,7RLM,24HEURES,vc-500-11.11.24-OLI,100
601,nov/19/2024,22:35:18,W7EB,24HEURES,vc-500-11.11.24-OLI,100
602,nov/19/2024,22:49:02,PJ5S,24HEURES,vc-500-11.11.24-OLI,100
603,nov/19/2024,23:00:33,GYM9Y,24HEURES,vc-196-11.13.24-BAT,100
604,nov/20/2024,06:56:38,GWY8F,24HEURES,vc-259-11.05.24-BAB,100
605,nov/20/2024,12:05:51,LEN5,24HEURES,vc-500-11.11.24-OLI,100
606,nov/20/2024,12:24:25,3T6WU,24HEURES,vc-196-11.13.24-BAT,100
607,nov/20/2024,12:28:53,SW3T,24HEURES,vc-104-11.08.24-CL,100
608,nov/20/2024,12:37:13,XEVL,24HEURES,vc-500-11.11.24-OLI,100
609,nov/20/2024,13:01:37,MBKG6,24HEURES,vc-196-11.13.24-BAT,100
610,nov/20/2024,13:43:06,SV5S,24HEURES,vc-104-11.08.24-CL,100
611,nov/20/2024,14:10:50,AWVNT,24HEURES,vc-196-11.13.24-BAT,100
612,nov/20/2024,14:20:03,SFKUX,24HEURES,vc-196-11.13.24-BAT,100
613,nov/20/2024,15:41:20,C9XGG,24HEURES,vc-259-11.05.24-BAB,100
614,nov/20/2024,15:46:41,ZSKS,24HEURES,vc-104-11.08.24-CL,100
615,nov/20/2024,16:03:11,AAZ4B,24HEURES,vc-259-11.05.24-BAB,100
616,nov/20/2024,17:05:25,UJKK9,24HEURES,vc-196-11.13.24-BAT,100
617,nov/20/2024,17:38:09,PJG7W,24HEURES,vc-259-11.05.24-BAB,100
618,nov/20/2024,17:57:55,ADRUG,24HEURES,vc-259-11.05.24-BAB,100
619,nov/20/2024,18:21:45,ZCR6,24HEURES,vc-104-11.08.24-CL,100
620,nov/20/2024,19:01:36,AWDU,24HEURES,vc-500-11.11.24-OLI,100
621,nov/20/2024,19:08:52,BUF7,24HEURES,vc-500-11.11.24-OLI,100
622,nov/20/2024,19:12:18,E6UP,24HEURES,vc-500-11.11.24-OLI,100
623,nov/20/2024,19:26:19,C8PAR,24HEURES,vc-196-11.13.24-BAT,100
624,nov/20/2024,19:33:43,N7TUA,24HEURES,vc-196-11.13.24-BAT,100
625,nov/20/2024,19:43:35,R8B6,24HEURES,vc-500-11.11.24-OLI,100
626,nov/20/2024,20:02:51,47AP,24HEURES,vc-500-11.11.24-OLI,100
627,nov/20/2024,20:21:23,AS4P,24HEURES,vc-500-11.11.24-OLI,100
628,nov/20/2024,20:22:44,ZPSU,24HEURES,vc-500-11.11.24-OLI,100
629,nov/20/2024,20:39:04,5PFG,24HEURES,vc-500-11.11.24-OLI,100
630,nov/20/2024,21:43:27,NBWDV,24HEURES,vc-196-11.13.24-BAT,100
631,nov/20/2024,22:22:57,82R3,24HEURES,vc-500-11.11.24-OLI,100
632,nov/20/2024,22:42:51,6WSZ,24HEURES,vc-500-11.11.24-OLI,100
633,nov/21/2024,07:11:26,XH3E,24HEURES,vc-104-11.08.24-CL,100
634,nov/21/2024,08:40:43,PT7Y,24HEURES,vc-500-11.11.24-OLI,100
635,nov/21/2024,08:55:44,XF6VW,24HEURES,vc-259-11.05.24-BAB,100
636,nov/21/2024,09:01:45,MPZB,24HEURES,vc-500-11.11.24-OLI,100
637,nov/21/2024,09:15:19,SL44,24HEURES,vc-104-11.08.24-CL,100
638,nov/21/2024,09:24:23,TAA5,24HEURES,vc-500-11.11.24-OLI,100
639,nov/21/2024,10:03:06,LZEW,24HEURES,vc-500-11.11.24-OLI,100
640,nov/21/2024,10:21:59,NRJN,24HEURES,vc-104-11.08.24-CL,100
641,nov/21/2024,10:46:39,6MSGG,24HEURES,vc-196-11.13.24-BAT,100
642,nov/21/2024,10:49:22,XH9G,24HEURES,vc-104-11.08.24-CL,100
643,nov/21/2024,11:02:32,M53NL,24HEURES,vc-196-11.13.24-BAT,100
644,nov/21/2024,12:42:24,PET3D,24HEURES,vc-196-11.13.24-BAT,100
645,nov/21/2024,13:02:37,T9LYB,24HEURES,vc-259-11.05.24-BAB,100
646,nov/21/2024,13:15:38,83EX,24HEURES,vc-104-11.08.24-CL,100
647,nov/21/2024,13:55:42,UKP9A,24HEURES,vc-196-11.13.24-BAT,100
648,nov/21/2024,14:24:55,3EBCF,24HEURES,vc-259-11.05.24-BAB,100
649,nov/21/2024,14:42:53,8LDFW,24HEURES,vc-196-11.13.24-BAT,100
650,nov/21/2024,14:43:14,8S7H,24HEURES,vc-500-11.11.24-OLI,100
651,nov/21/2024,16:36:14,RNZTP,24HEURES,vc-196-11.13.24-BAT,100
652,nov/21/2024,17:13:37,ESXWB,24HEURES,vc-196-11.13.24-BAT,100
653,nov/21/2024,18:10:52,SL9YZ,24HEURES,vc-196-11.13.24-BAT,100
654,nov/21/2024,18:16:19,PHTBV,24HEURES,vc-196-11.13.24-BAT,100
655,nov/21/2024,18:58:34,JEBDS,24HEURES,vc-196-11.13.24-BAT,100
656,nov/21/2024,19:00:55,4G4Y,24HEURES,vc-500-11.11.24-OLI,100
657,nov/21/2024,19:01:44,GMMSH,24HEURES,vc-259-11.05.24-BAB,100
658,nov/21/2024,19:01:58,7L3V,24HEURES,vc-104-11.08.24-CL,100
659,nov/21/2024,19:11:00,TGP6,24HEURES,vc-500-11.11.24-OLI,100
660,nov/21/2024,19:21:07,8BJE,24HEURES,vc-104-11.08.24-CL,100
661,nov/21/2024,19:33:40,GUS7,24HEURES,vc-500-11.11.24-OLI,100
662,nov/21/2024,19:35:14,HHAKC,24HEURES,vc-259-11.05.24-BAB,100
663,nov/21/2024,20:35:31,DH9GZ,24HEURES,vc-196-11.13.24-BAT,100
664,nov/21/2024,20:58:31,Z3ZUJ,24HEURES,vc-196-11.13.24-BAT,100
665,nov/21/2024,21:13:10,ZJ6FN,24HEURES,vc-196-11.13.24-BAT,100
666,nov/21/2024,21:23:36,N9YP,24HEURES,vc-500-11.11.24-OLI,100
667,nov/21/2024,21:33:59,Y4C6,24HEURES,vc-500-11.11.24-OLI,100
668,nov/21/2024,21:51:57,KYNF,24HEURES,vc-500-11.11.24-OLI,100
669,nov/22/2024,07:54:17,3RR8,24HEURES,vc-104-11.08.24-CL,100
670,nov/22/2024,07:57:34,Z23J,24HEURES,vc-104-11.08.24-CL,100
671,nov/22/2024,08:21:06,P9DJF,24HEURES,vc-259-11.05.24-BAB,100
672,nov/22/2024,08:25:40,VC5J,24HEURES,vc-500-11.11.24-OLI,100
673,nov/22/2024,09:30:40,5V5U,24HEURES,vc-104-11.08.24-CL,100
674,nov/22/2024,09:33:42,2U6W,24HEURES,vc-104-11.08.24-CL,100
675,nov/22/2024,09:50:07,P8E7,24HEURES,vc-500-11.11.24-OLI,100
676,nov/22/2024,10:51:32,YT7G,24HEURES,vc-500-11.11.24-OLI,100
677,nov/22/2024,12:34:46,BFR6G,24HEURES,vc-196-11.13.24-BAT,100
678,nov/22/2024,13:45:44,D9PPX,24HEURES,vc-196-11.13.24-BAT,100
679,nov/22/2024,15:00:50,933TR,24HEURES,vc-196-11.13.24-BAT,100
680,nov/22/2024,15:01:18,8ARP,24HEURES,vc-500-11.11.24-OLI,100
681,nov/22/2024,15:01:52,8JF4D,24HEURES,vc-259-11.05.24-BAB,100
682,nov/22/2024,15:09:28,98SXA,24HEURES,vc-259-11.05.24-BAB,100
683,nov/22/2024,15:09:51,7XBPA,24HEURES,vc-259-11.05.24-BAB,100
684,nov/22/2024,16:40:34,WZUCS,24HEURES,vc-196-11.13.24-BAT,100
685,nov/22/2024,17:12:20,F64AZ,24HEURES,vc-259-11.05.24-BAB,100
686,nov/22/2024,18:27:32,H6A4,24HEURES,vc-104-11.08.24-CL,100
687,nov/22/2024,18:28:27,C552,24HEURES,vc-500-11.11.24-OLI,100
688,nov/22/2024,18:49:12,A4MR,24HEURES,vc-104-11.08.24-CL,100
689,nov/22/2024,19:02:52,8MMAW,24HEURES,vc-196-11.13.24-BAT,100
690,nov/22/2024,19:09:57,FACM,24HEURES,vc-500-11.11.24-OLI,100
691,nov/22/2024,19:10:24,ZLDBT,24HEURES,vc-196-11.13.24-BAT,100
692,nov/22/2024,20:07:36,RKFBY,24HEURES,vc-196-11.13.24-BAT,100
693,nov/22/2024,20:10:33,UFSKY,24HEURES,vc-196-11.13.24-BAT,100
694,nov/22/2024,21:27:51,RS4A,24HEURES,vc-500-11.11.24-OLI,100
695,nov/22/2024,22:10:39,C7CN6,24HEURES,vc-196-11.13.24-BAT,100
696,nov/22/2024,22:31:50,AELM,24HEURES,vc-104-11.08.24-CL,100
697,nov/22/2024,23:12:59,24ELG,24HEURES,vc-196-11.13.24-BAT,100
698,nov/23/2024,00:08:59,ALTX4,24HEURES,vc-259-11.05.24-BAB,100
699,nov/23/2024,09:45:52,NLZG,24HEURES,vc-104-11.08.24-CL,100
700,nov/23/2024,10:44:46,7G7K,24HEURES,vc-500-11.11.24-OLI,100
701,nov/23/2024,10:49:42,REPN,24HEURES,vc-500-11.11.24-OLI,100
702,nov/23/2024,11:08:28,HSUJ,24HEURES,vc-104-11.08.24-CL,100
703,nov/23/2024,11:08:47,RT66,24HEURES,vc-500-11.11.24-OLI,100
704,nov/23/2024,11:48:56,XF6M,24HEURES,vc-500-11.11.24-OLI,100
705,nov/23/2024,11:58:34,TRT5,24HEURES,vc-500-11.11.24-OLI,100
706,nov/23/2024,12:03:51,263Y,24HEURES,vc-500-11.11.24-OLI,100
707,nov/23/2024,12:30:41,MFYCC,24HEURES,vc-259-11.05.24-BAB,100
708,nov/23/2024,14:51:28,4WJYE,24HEURES,vc-196-11.13.24-BAT,100
709,nov/23/2024,15:12:52,S8TX,24HEURES,vc-500-11.11.24-OLI,100
710,nov/23/2024,15:13:30,UUV5K,24HEURES,vc-259-11.05.24-BAB,100
711,nov/23/2024,16:11:35,2KJY,24HEURES,vc-104-11.08.24-CL,100
712,nov/23/2024,17:02:30,DCKG5,24HEURES,vc-259-11.05.24-BAB,100
713,nov/23/2024,18:47:33,3LUBN,24HEURES,vc-196-11.13.24-BAT,100
714,nov/23/2024,18:53:16,HNZE,24HEURES,vc-500-11.11.24-OLI,100
715,nov/23/2024,19:27:44,HWMT,24HEURES,vc-104-11.08.24-CL,100
716,nov/23/2024,19:35:52,YDU5,24HEURES,vc-500-11.11.24-OLI,100
717,nov/23/2024,19:44:35,S2XP,24HEURES,vc-500-11.11.24-OLI,100
718,nov/23/2024,20:17:25,4J7S,24HEURES,vc-500-11.11.24-OLI,100
719,nov/23/2024,20:19:43,2KBRY,24HEURES,vc-196-11.13.24-BAT,100
720,nov/23/2024,20:19:57,GFET2,24HEURES,vc-196-11.13.24-BAT,100
721,nov/23/2024,20:32:32,LN65X,24HEURES,vc-196-11.13.24-BAT,100
722,nov/23/2024,21:21:05,5W39E,24HEURES,vc-259-11.05.24-BAB,100
723,nov/23/2024,21:52:06,DW8V4,24HEURES,vc-259-11.05.24-BAB,100
724,nov/24/2024,08:11:02,ZSHK7778,1SEMAINE,vc-129-10.04.24-BABINE,700
725,nov/24/2024,08:23:37,HZYN,24HEURES,vc-104-11.08.24-CL,100
726,nov/24/2024,10:08:48,X4T6,24HEURES,vc-104-11.08.24-CL,100
727,nov/24/2024,10:09:39,DRRS,24HEURES,vc-104-11.08.24-CL,100
728,nov/24/2024,11:05:02,LWJW,24HEURES,vc-500-11.11.24-OLI,100
729,nov/24/2024,12:03:53,PF5HH,24HEURES,vc-196-11.13.24-BAT,100
730,nov/24/2024,12:31:22,94XVS,24HEURES,vc-259-11.05.24-BAB,100
731,nov/24/2024,12:57:02,RDH84,24HEURES,vc-196-11.13.24-BAT,100
732,nov/24/2024,12:57:49,YBANK,24HEURES,vc-196-11.13.24-BAT,100
733,nov/24/2024,14:13:20,5LDH,24HEURES,vc-104-11.08.24-CL,100
734,nov/24/2024,14:27:13,FMFJ,24HEURES,vc-104-11.08.24-CL,100
735,nov/24/2024,15:27:22,7WKHE,24HEURES,vc-196-11.13.24-BAT,100
736,nov/24/2024,15:32:27,WN4K,24HEURES,vc-104-11.08.24-CL,100
737,nov/24/2024,15:47:57,4LLVL,24HEURES,vc-196-11.13.24-BAT,100
738,nov/24/2024,16:01:04,T3DAW,24HEURES,vc-259-11.05.24-BAB,100
739,nov/24/2024,17:04:37,74VU4,24HEURES,vc-196-11.13.24-BAT,100
740,nov/24/2024,17:16:09,XSBZK,24HEURES,vc-196-11.13.24-BAT,100
741,nov/24/2024,17:39:55,8BYV,24HEURES,vc-104-11.08.24-CL,100
742,nov/24/2024,17:56:25,72VW,24HEURES,vc-104-11.08.24-CL,100
743,nov/24/2024,17:58:08,RTJK,24HEURES,vc-500-11.11.24-OLI,100
744,nov/24/2024,18:05:07,G69UZ,24HEURES,vc-196-11.13.24-BAT,100
745,nov/24/2024,18:35:28,BBT4K,24HEURES,vc-259-11.05.24-BAB,100
746,nov/24/2024,18:36:19,72S5W,24HEURES,vc-259-11.05.24-BAB,100
747,nov/24/2024,18:42:58,FL6AS,24HEURES,vc-259-11.05.24-BAB,100
748,nov/24/2024,18:49:16,82YD7,24HEURES,vc-259-11.05.24-BAB,100
749,nov/24/2024,19:13:54,JV6H,24HEURES,vc-500-11.11.24-OLI,100
750,nov/24/2024,19:32:17,77JXG,24HEURES,vc-196-11.13.24-BAT,100
751,nov/24/2024,19:37:12,77C3,24HEURES,vc-500-11.11.24-OLI,100
752,nov/24/2024,19:39:04,5HDW,24HEURES,vc-500-11.11.24-OLI,100
753,nov/24/2024,19:41:47,MAKU,24HEURES,vc-500-11.11.24-OLI,100
754,nov/24/2024,20:23:38,U3UM,24HEURES,vc-500-11.11.24-OLI,100
755,nov/24/2024,20:30:24,W93WH,24HEURES,vc-259-11.05.24-BAB,100
756,nov/24/2024,20:33:16,NV4K,24HEURES,vc-500-11.11.24-OLI,100
757,nov/24/2024,20:37:40,8PB3,24HEURES,vc-500-11.11.24-OLI,100
758,nov/24/2024,21:13:20,TET2G,24HEURES,vc-196-11.13.24-BAT,100
759,nov/24/2024,21:27:14,XZ6L,24HEURES,vc-500-11.11.24-OLI,100
760,nov/24/2024,21:33:57,6KTW,24HEURES,vc-104-11.08.24-CL,100
761,nov/24/2024,22:19:17,VSH3,24HEURES,vc-500-11.11.24-OLI,100
762,nov/24/2024,22:20:56,JTHM,24HEURES,vc-500-11.11.24-OLI,100
763,nov/25/2024,00:20:53,EKFD5657,1SEMAINE,vc-129-10.04.24-BABINE,700
764,nov/25/2024,08:18:24,GTHC3,24HEURES,vc-259-11.05.24-BAB,100
765,nov/25/2024,08:26:43,WG6W,24HEURES,vc-104-11.08.24-CL,100
766,nov/25/2024,09:37:14,NUZ9S,24HEURES,vc-196-11.13.24-BAT,100
767,nov/25/2024,09:45:07,2MLKG,24HEURES,vc-259-11.05.24-BAB,100
768,nov/25/2024,10:00:14,B7WFE,24HEURES,vc-196-11.13.24-BAT,100
769,nov/25/2024,10:07:19,67HKN,24HEURES,vc-259-11.05.24-BAB,100
770,nov/25/2024,10:20:16,M8PZ,24HEURES,vc-104-11.08.24-CL,100
771,nov/25/2024,10:33:26,KJBJ,24HEURES,vc-500-11.11.24-OLI,100
772,nov/25/2024,11:17:59,3HACX,24HEURES,vc-196-11.13.24-BAT,100
773,nov/25/2024,12:31:48,5ZD4,24HEURES,vc-500-11.11.24-OLI,100
774,nov/25/2024,12:46:45,ZEGM8,24HEURES,vc-196-11.13.24-BAT,100
775,nov/25/2024,12:48:30,XLC69,24HEURES,vc-259-11.05.24-BAB,100
776,nov/25/2024,13:05:14,UNXKP,24HEURES,vc-196-11.13.24-BAT,100
777,nov/25/2024,14:41:09,G2PF,24HEURES,vc-500-11.11.24-OLI,100
778,nov/25/2024,15:23:44,URK2,24HEURES,vc-104-11.08.24-CL,100
779,nov/25/2024,16:41:08,DXN3V,24HEURES,vc-196-11.13.24-BAT,100
780,nov/25/2024,17:54:24,GFTLB,24HEURES,vc-196-11.13.24-BAT,100
781,nov/25/2024,18:00:42,PC49,24HEURES,vc-104-11.08.24-CL,100
782,nov/25/2024,18:09:35,SU5Y,24HEURES,vc-500-11.11.24-OLI,100
783,nov/25/2024,18:18:49,M2X4D,24HEURES,vc-196-11.13.24-BAT,100
784,nov/25/2024,18:45:29,RV48,24HEURES,vc-104-11.08.24-CL,100
785,nov/25/2024,18:48:11,MK7NF,24HEURES,vc-259-11.05.24-BAB,100
786,nov/25/2024,19:19:19,E7V9,24HEURES,vc-104-11.08.24-CL,100
787,nov/25/2024,19:20:15,FADM,24HEURES,vc-500-11.11.24-OLI,100
788,nov/25/2024,19:20:19,X4JYY,24HEURES,vc-259-11.05.24-BAB,100
789,nov/25/2024,19:29:43,WA7P,24HEURES,vc-500-11.11.24-OLI,100
790,nov/25/2024,19:43:17,ZBLV7,24HEURES,vc-259-11.05.24-BAB,100
791,nov/25/2024,19:48:10,SGSB,24HEURES,vc-500-11.11.24-OLI,100
792,nov/25/2024,20:20:20,672MF,24HEURES,vc-259-11.05.24-BAB,100
793,nov/25/2024,21:00:09,TY79,24HEURES,vc-500-11.11.24-OLI,100
794,nov/25/2024,21:57:46,GXT8,24HEURES,vc-500-11.11.24-OLI,100
795,nov/25/2024,22:30:05,LW9R,24HEURES,vc-500-11.11.24-OLI,100
796,nov/26/2024,08:34:19,KBJU,24HEURES,vc-104-11.08.24-CL,100
797,nov/26/2024,09:42:20,YPYB,24HEURES,vc-104-11.08.24-CL,100
798,nov/26/2024,09:50:06,XZXX,24HEURES,vc-500-11.11.24-OLI,100
799,nov/26/2024,10:09:59,YWS5K,24HEURES,vc-196-11.13.24-BAT,100
800,nov/26/2024,10:30:36,NSFM,24HEURES,vc-500-11.11.24-OLI,100
801,nov/26/2024,11:37:43,TRKL,24HEURES,vc-500-11.11.24-OLI,100
802,nov/26/2024,13:39:23,UN96,24HEURES,vc-104-11.08.24-CL,100
803,nov/26/2024,13:59:38,GHEU,24HEURES,vc-104-11.08.24-CL,100
804,nov/26/2024,14:37:38,2S53P,24HEURES,vc-259-11.05.24-BAB,100
805,nov/26/2024,15:05:21,W9BAA,24HEURES,vc-196-11.13.24-BAT,100
806,nov/26/2024,15:17:25,8DH5,24HEURES,vc-104-11.08.24-CL,100
807,nov/26/2024,15:27:09,AP9CJ,24HEURES,vc-196-11.13.24-BAT,100
808,nov/26/2024,15:36:18,VGDN2,24HEURES,vc-259-11.05.24-BAB,100
809,nov/26/2024,15:51:44,5247,24HEURES,vc-500-11.11.24-OLI,100
810,nov/26/2024,16:00:21,L2HUC,24HEURES,vc-196-11.13.24-BAT,100
811,nov/26/2024,16:30:19,AR3R,24HEURES,vc-104-11.08.24-CL,100
812,nov/26/2024,18:33:29,WC3MK,24HEURES,vc-259-11.05.24-BAB,100
813,nov/26/2024,18:40:00,3A7MN,24HEURES,vc-259-11.05.24-BAB,100
814,nov/26/2024,18:41:05,HZ25P,24HEURES,vc-259-11.05.24-BAB,100
815,nov/26/2024,18:47:50,N6HSD,24HEURES,vc-196-11.13.24-BAT,100
816,nov/26/2024,18:58:18,9WBE,24HEURES,vc-500-11.11.24-OLI,100
817,nov/26/2024,19:01:42,HWXC,24HEURES,vc-500-11.11.24-OLI,100
818,nov/26/2024,19:03:49,ZW925,24HEURES,vc-196-11.13.24-BAT,100
819,nov/26/2024,19:09:25,M84P7,24HEURES,vc-259-11.05.24-BAB,100
820,nov/26/2024,19:33:43,BY9T,24HEURES,vc-500-11.11.24-OLI,100
821,nov/26/2024,19:35:34,Y9A46,24HEURES,vc-196-11.13.24-BAT,100
822,nov/26/2024,20:14:56,GC6U7,24HEURES,vc-259-11.05.24-BAB,100
823,nov/26/2024,20:29:30,D686,24HEURES,vc-500-11.11.24-OLI,100
824,nov/26/2024,20:53:49,L6ZD,24HEURES,vc-500-11.11.24-OLI,100
825,nov/26/2024,21:12:31,UXHY,24HEURES,vc-500-11.11.24-OLI,100
826,nov/26/2024,21:18:00,2AK5,24HEURES,vc-500-11.11.24-OLI,100